n_estimaters,depth,accuracy,f1,num_topics
100,8,0.668,0.653108033,14
150,10,0.664666667,0.652698571,14
200,10,0.664666667,0.653704484,14
200,16,0.663333333,0.659724524,24
200,18,0.663333333,0.658302111,24
200,20,0.663333333,0.659724524,24
200,22,0.663333333,0.659724524,24
200,24,0.663333333,0.659724524,24
200,26,0.663333333,0.659724524,24
200,28,0.663333333,0.659724524,24
200,8,0.662666667,0.649632609,24
150,10,0.662666667,0.650677771,24
100,10,0.661333333,0.64836395,29
100,12,0.661333333,0.648612245,29
150,12,0.661333333,0.648612245,29
100,14,0.661333333,0.64826967,29
150,14,0.661333333,0.64826967,29
150,18,0.661333333,0.649281734,29
150,20,0.661333333,0.648990136,29
150,22,0.661333333,0.648990136,29
150,24,0.661333333,0.648990136,29
150,26,0.661333333,0.648990136,29
150,28,0.661333333,0.648990136,29
100,4,0.66,0.613939482,28
150,18,0.657333333,0.648999924,27
150,20,0.657333333,0.648999924,27
150,22,0.657333333,0.648999924,27
150,24,0.657333333,0.648999924,27
150,26,0.657333333,0.648999924,27
150,28,0.657333333,0.648999924,27
150,12,0.656,0.651921671,24
200,14,0.656,0.650739016,24
250,8,0.655333333,0.643036447,24
200,10,0.655333333,0.645920823,24
250,10,0.655333333,0.644017511,24
100,10,0.653333333,0.64196657,24
250,14,0.652666667,0.643567641,27
250,16,0.652666667,0.642815144,27
250,18,0.652666667,0.642815144,27
250,20,0.652666667,0.642815144,27
250,22,0.652666667,0.642815144,27
250,24,0.652666667,0.642815144,27
250,26,0.652666667,0.642815144,27
250,28,0.652666667,0.642815144,27
100,10,0.652,0.63747481,14
150,6,0.652,0.638922699,15
150,12,0.650666667,0.640993538,27
150,16,0.650666667,0.641288087,27
200,16,0.650666667,0.640299263,27
200,8,0.65,0.637968786,14
150,8,0.649333333,0.636344986,14
100,2,0.648666667,0.625550281,15
250,8,0.648,0.635789214,14
100,20,0.648,0.63597884,29
100,22,0.648,0.63597884,29
100,24,0.648,0.63597884,29
100,26,0.648,0.63597884,29
100,28,0.648,0.63597884,29
150,8,0.647333333,0.634868665,24
250,14,0.647333333,0.636524345,24
250,16,0.647333333,0.637351939,24
250,18,0.647333333,0.637351939,24
250,20,0.647333333,0.637351939,24
250,22,0.647333333,0.637351939,24
250,24,0.647333333,0.637351939,24
250,26,0.647333333,0.637351939,24
250,28,0.647333333,0.637351939,24
150,10,0.646,0.635544027,29
150,16,0.646,0.634340495,29
200,16,0.646,0.634340495,29
200,18,0.646,0.635154952,29
200,20,0.646,0.635108194,29
200,22,0.646,0.635108194,29
200,24,0.646,0.635108194,29
200,26,0.646,0.635108194,29
200,28,0.646,0.635108194,29
100,8,0.645333333,0.633023265,24
250,10,0.645333333,0.642362008,27
150,4,0.645333333,0.601224497,28
200,14,0.645333333,0.633432148,29
150,12,0.644,0.632346097,14
150,14,0.643333333,0.635566542,14
200,4,0.643333333,0.582923056,23
150,8,0.643333333,0.640003755,27
250,8,0.643333333,0.640003755,27
150,14,0.643333333,0.6314042,27
200,18,0.643333333,0.630936469,27
200,20,0.643333333,0.630936469,27
200,22,0.643333333,0.630936469,27
200,24,0.643333333,0.630936469,27
200,26,0.643333333,0.630936469,27
200,28,0.643333333,0.630936469,27
250,12,0.642,0.632737583,24
150,14,0.642,0.638055069,24
150,16,0.642,0.640655834,24
150,18,0.642,0.639084405,24
150,20,0.642,0.640655834,24
150,22,0.642,0.640655834,24
150,24,0.642,0.640655834,24
150,26,0.642,0.640655834,24
150,28,0.642,0.640655834,24
250,10,0.641333333,0.630553798,14
250,10,0.640666667,0.627074029,15
250,12,0.640666667,0.626585172,15
200,12,0.64,0.63082882,24
100,6,0.64,0.608415451,29
150,6,0.64,0.608415451,29
100,6,0.639333333,0.6198106,14
150,6,0.639333333,0.620065812,14
100,18,0.639333333,0.629208039,24
100,20,0.639333333,0.629208039,24
100,22,0.639333333,0.629208039,24
100,24,0.639333333,0.629208039,24
100,26,0.639333333,0.629208039,24
100,28,0.639333333,0.629208039,24
150,16,0.638666667,0.627316174,14
250,16,0.638666667,0.627081681,14
250,18,0.638666667,0.627081681,14
250,20,0.638666667,0.627081681,14
250,22,0.638666667,0.627081681,14
250,24,0.638666667,0.627081681,14
250,26,0.638666667,0.627081681,14
250,28,0.638666667,0.627081681,14
250,12,0.638,0.626397418,14
250,14,0.638,0.626397418,14
100,6,0.637333333,0.617837784,24
150,6,0.637333333,0.617837784,24
200,6,0.637333333,0.618175492,24
250,6,0.637333333,0.617640059,24
250,14,0.636,0.622723421,20
250,16,0.636,0.623115501,20
250,18,0.636,0.623463914,20
250,20,0.636,0.623463914,20
250,22,0.636,0.623463914,20
250,24,0.636,0.623463914,20
250,26,0.636,0.623463914,20
250,28,0.636,0.623463914,20
100,8,0.636,0.631585075,27
100,18,0.635333333,0.590415371,23
100,12,0.635333333,0.623892979,27
100,4,0.634,0.575400587,23
150,4,0.634,0.575099467,23
250,12,0.634,0.626240046,27
150,8,0.634,0.603811131,29
100,6,0.633333333,0.612344227,15
200,6,0.633333333,0.612344227,15
250,6,0.633333333,0.612344227,15
250,4,0.633333333,0.574592696,23
100,14,0.632666667,0.621833821,27
100,16,0.632666667,0.621833821,27
100,18,0.632666667,0.621393745,27
100,20,0.632666667,0.621393745,27
100,22,0.632666667,0.621393745,27
100,24,0.632666667,0.621393745,27
100,26,0.632666667,0.621393745,27
100,28,0.632666667,0.621393745,27
100,16,0.632,0.622200005,24
250,14,0.632,0.615348774,28
250,18,0.632,0.615306532,28
250,20,0.632,0.615306532,28
250,22,0.632,0.615306532,28
250,24,0.632,0.615306532,28
250,26,0.632,0.615306532,28
250,28,0.632,0.615306532,28
250,16,0.632,0.62088115,29
250,18,0.632,0.621341023,29
200,4,0.631333333,0.588921184,28
250,4,0.631333333,0.588921184,28
100,8,0.630666667,0.617993054,15
150,8,0.630666667,0.617993054,15
250,8,0.630666667,0.617993054,15
100,10,0.630666667,0.617394814,15
150,10,0.630666667,0.617993054,15
200,10,0.630666667,0.617993054,15
100,14,0.630666667,0.617394814,15
150,14,0.630666667,0.617394814,15
200,14,0.630666667,0.617394814,15
250,14,0.630666667,0.617394814,15
100,16,0.630666667,0.617394814,15
150,16,0.630666667,0.617394814,15
200,16,0.630666667,0.617394814,15
250,16,0.630666667,0.617394814,15
100,18,0.630666667,0.617394814,15
150,18,0.630666667,0.617394814,15
200,18,0.630666667,0.617394814,15
250,18,0.630666667,0.617394814,15
100,20,0.630666667,0.617394814,15
150,20,0.630666667,0.617394814,15
200,20,0.630666667,0.617394814,15
250,20,0.630666667,0.617394814,15
100,22,0.630666667,0.617394814,15
150,22,0.630666667,0.617394814,15
200,22,0.630666667,0.617394814,15
250,22,0.630666667,0.617394814,15
100,24,0.630666667,0.617394814,15
150,24,0.630666667,0.617394814,15
200,24,0.630666667,0.617394814,15
250,24,0.630666667,0.617394814,15
100,26,0.630666667,0.617394814,15
150,26,0.630666667,0.617394814,15
200,26,0.630666667,0.617394814,15
250,26,0.630666667,0.617394814,15
100,28,0.630666667,0.617394814,15
150,28,0.630666667,0.617394814,15
200,28,0.630666667,0.617394814,15
250,28,0.630666667,0.617394814,15
100,6,0.630666667,0.626694636,21
150,6,0.630666667,0.62748187,21
100,18,0.63,0.611429512,29
100,16,0.629333333,0.609852495,29
200,12,0.628666667,0.612553003,14
200,14,0.628666667,0.616507802,27
100,8,0.628666667,0.608911309,29
200,10,0.628666667,0.611094913,29
250,10,0.628666667,0.611094913,29
200,12,0.628666667,0.610191227,29
250,12,0.628666667,0.610191227,29
250,14,0.628666667,0.609746632,29
200,6,0.628,0.624741105,21
250,6,0.628,0.624741105,21
150,18,0.626,0.608042532,22
150,20,0.626,0.608042532,22
150,22,0.626,0.608042532,22
150,24,0.626,0.608042532,22
150,26,0.626,0.608042532,22
150,28,0.626,0.608042532,22
100,12,0.626,0.581393437,23
200,12,0.626,0.568015731,23
100,14,0.626,0.579955288,23
250,14,0.626,0.580940993,23
100,4,0.626,0.584178079,24
150,4,0.626,0.584043684,24
200,4,0.626,0.584394138,24
250,4,0.626,0.584050885,24
250,6,0.626,0.615315797,27
200,8,0.626,0.623271337,27
200,6,0.626,0.595965113,29
100,12,0.625333333,0.613210545,15
150,12,0.625333333,0.613210545,15
100,16,0.625333333,0.608242882,22
100,18,0.625333333,0.608242882,22
100,20,0.625333333,0.608242882,22
100,22,0.625333333,0.608242882,22
100,24,0.625333333,0.608242882,22
100,26,0.625333333,0.608242882,22
100,28,0.625333333,0.608242882,22
100,16,0.625333333,0.582003271,23
150,16,0.625333333,0.582003271,23
150,18,0.625333333,0.582003271,23
100,20,0.625333333,0.582003271,23
150,20,0.625333333,0.582003271,23
100,22,0.625333333,0.582003271,23
150,22,0.625333333,0.582003271,23
100,24,0.625333333,0.582003271,23
150,24,0.625333333,0.582003271,23
100,26,0.625333333,0.582003271,23
150,26,0.625333333,0.582003271,23
100,28,0.625333333,0.582003271,23
150,28,0.625333333,0.582003271,23
250,8,0.625333333,0.596188049,29
100,12,0.624666667,0.616936074,24
200,12,0.624666667,0.614450996,27
150,14,0.624,0.606156631,22
100,4,0.624,0.594679666,27
100,14,0.622666667,0.614341309,28
200,18,0.622666667,0.606986885,28
200,20,0.622666667,0.606986885,28
200,22,0.622666667,0.606986885,28
200,24,0.622666667,0.606986885,28
200,26,0.622666667,0.606986885,28
200,28,0.622666667,0.606986885,28
200,6,0.621333333,0.597832426,14
150,18,0.621333333,0.609136451,14
150,20,0.621333333,0.609136451,14
150,22,0.621333333,0.609136451,14
150,24,0.621333333,0.609136451,14
150,26,0.621333333,0.609136451,14
150,28,0.621333333,0.609136451,14
150,14,0.621333333,0.577475099,23
100,14,0.620666667,0.608372598,14
200,14,0.620666667,0.605701552,14
100,16,0.620666667,0.607383623,14
200,16,0.620666667,0.605701552,14
100,18,0.620666667,0.607383623,14
200,18,0.620666667,0.605701552,14
100,20,0.620666667,0.607383623,14
200,20,0.620666667,0.605701552,14
100,22,0.620666667,0.607383623,14
200,22,0.620666667,0.605701552,14
100,24,0.620666667,0.607383623,14
200,24,0.620666667,0.605701552,14
100,26,0.620666667,0.607383623,14
200,26,0.620666667,0.605701552,14
100,28,0.620666667,0.607383623,14
200,28,0.620666667,0.605701552,14
200,20,0.620666667,0.564459581,23
200,22,0.620666667,0.564459581,23
200,24,0.620666667,0.564459581,23
200,26,0.620666667,0.564459581,23
200,28,0.620666667,0.564459581,23
100,14,0.620666667,0.612790765,24
150,10,0.620666667,0.618976362,27
200,10,0.620666667,0.617997039,27
250,12,0.620666667,0.612733468,28
150,8,0.62,0.618740127,21
200,4,0.62,0.579740681,26
250,6,0.62,0.59355366,28
200,10,0.619333333,0.60746262,20
200,4,0.619333333,0.578401276,29
150,14,0.618666667,0.607047488,20
200,14,0.618666667,0.607047488,20
150,16,0.618666667,0.607297089,20
200,16,0.618666667,0.607047488,20
150,18,0.618666667,0.607297089,20
200,18,0.618666667,0.607385277,20
150,20,0.618666667,0.607297089,20
200,20,0.618666667,0.607385277,20
150,22,0.618666667,0.607297089,20
200,22,0.618666667,0.607385277,20
150,24,0.618666667,0.607297089,20
200,24,0.618666667,0.607385277,20
150,26,0.618666667,0.607297089,20
200,26,0.618666667,0.607385277,20
150,28,0.618666667,0.607297089,20
200,28,0.618666667,0.607385277,20
200,6,0.618666667,0.601966337,26
150,14,0.618666667,0.603112891,28
200,8,0.618666667,0.590247228,29
100,16,0.618,0.60667066,20
150,4,0.618,0.578000331,22
150,12,0.618,0.601236028,22
200,16,0.618,0.60047916,22
250,12,0.618,0.566769638,23
100,12,0.618,0.610156751,28
200,4,0.617333333,0.590557274,21
100,4,0.617333333,0.577397676,26
250,4,0.617333333,0.57757879,26
200,8,0.616666667,0.605448797,15
200,12,0.616666667,0.605448797,15
100,6,0.616666667,0.560472484,23
150,6,0.616666667,0.560472484,23
200,6,0.616666667,0.558870081,23
250,6,0.616666667,0.559425233,23
100,8,0.616666667,0.559524369,23
150,8,0.616666667,0.560424314,23
200,8,0.616666667,0.559393441,23
250,8,0.616666667,0.560329875,23
250,10,0.616666667,0.560424314,23
200,14,0.616666667,0.572704324,23
250,16,0.616666667,0.603181382,28
100,12,0.616,0.606790156,14
150,12,0.616,0.559733138,23
250,20,0.615333333,0.598164115,29
250,22,0.615333333,0.598164115,29
250,24,0.615333333,0.598164115,29
250,26,0.615333333,0.598164115,29
250,28,0.615333333,0.598164115,29
100,4,0.614666667,0.596324341,15
150,4,0.614666667,0.596324341,15
200,8,0.614666667,0.605508274,26
200,4,0.614,0.595328176,15
250,4,0.614,0.595328176,15
150,16,0.614,0.597395484,22
100,4,0.613333333,0.575767145,17
150,10,0.612666667,0.55783449,23
200,10,0.612666667,0.557539289,23
250,4,0.612666667,0.584936554,27
200,14,0.612,0.590069147,28
150,4,0.611333333,0.585316113,21
250,6,0.611333333,0.571844373,29
200,16,0.610666667,0.567488383,23
250,16,0.610666667,0.568666523,23
250,18,0.610666667,0.568666523,23
250,20,0.610666667,0.568666523,23
250,22,0.610666667,0.568666523,23
250,24,0.610666667,0.568666523,23
250,26,0.610666667,0.568666523,23
250,28,0.610666667,0.568666523,23
200,6,0.61,0.601215472,27
150,4,0.609333333,0.568184124,14
200,2,0.609333333,0.58992093,15
100,8,0.609333333,0.608144111,21
150,12,0.608666667,0.597658684,20
150,10,0.608666667,0.593334454,22
100,4,0.608,0.570831312,22
100,10,0.607333333,0.553920768,23
100,16,0.607333333,0.601777241,28
200,16,0.607333333,0.595002596,28
250,12,0.606666667,0.607609348,21
100,6,0.606666667,0.569496334,22
100,4,0.606666667,0.578485401,25
200,12,0.606666667,0.601811455,28
200,12,0.606,0.60633757,21
200,18,0.606,0.551139084,23
150,4,0.606,0.577541526,25
200,4,0.606,0.577541526,25
250,4,0.606,0.56639531,29
100,14,0.604666667,0.593893276,20
100,18,0.604666667,0.593764199,20
100,20,0.604666667,0.593764199,20
100,22,0.604666667,0.593764199,20
100,24,0.604666667,0.593764199,20
100,26,0.604666667,0.593764199,20
100,28,0.604666667,0.593764199,20
250,4,0.604666667,0.57973255,21
100,2,0.604,0.564885951,11
150,2,0.604,0.565040442,11
200,2,0.604,0.565040442,11
250,2,0.604,0.565040442,11
100,6,0.604,0.586404488,26
150,6,0.604,0.586404488,26
250,6,0.604,0.587959086,26
100,6,0.604,0.594856631,27
150,6,0.604,0.594856631,27
200,6,0.604,0.584826346,28
150,16,0.604,0.591531588,28
150,18,0.604,0.591531588,28
150,20,0.604,0.591531588,28
150,22,0.604,0.591531588,28
150,24,0.604,0.591531588,28
150,26,0.604,0.591531588,28
150,28,0.604,0.591531588,28
150,12,0.602666667,0.602936844,21
150,4,0.602666667,0.565631013,26
150,12,0.602666667,0.5959324,28
250,6,0.602,0.581345056,14
250,10,0.602,0.59159702,20
200,12,0.602,0.586368462,22
200,14,0.602,0.578475082,22
200,18,0.602,0.578475082,22
200,20,0.602,0.578475082,22
200,22,0.602,0.578475082,22
200,24,0.602,0.578475082,22
200,26,0.602,0.578475082,22
200,28,0.602,0.578475082,22
100,4,0.600666667,0.562637328,29
150,4,0.600666667,0.562637328,29
100,4,0.6,0.57529077,21
200,8,0.6,0.596554108,21
250,8,0.6,0.596554108,21
150,10,0.6,0.600672917,21
250,8,0.6,0.591612212,26
100,4,0.598666667,0.558028731,14
150,2,0.598666667,0.560529225,24
200,2,0.598666667,0.560529225,24
200,4,0.598,0.561941513,22
250,4,0.598,0.561941513,22
250,4,0.598,0.570517041,25
250,2,0.597333333,0.579380497,15
150,4,0.597333333,0.559712463,27
200,4,0.597333333,0.559712463,27
150,2,0.596666667,0.559222341,21
200,2,0.596666667,0.559222341,21
250,2,0.596666667,0.559222341,21
150,6,0.596,0.560012152,22
200,6,0.596,0.560012152,22
100,10,0.596,0.593557576,27
200,10,0.594666667,0.595262343,21
250,10,0.594666667,0.595684478,21
250,12,0.594,0.577674425,20
250,14,0.594,0.560436514,22
100,16,0.594,0.594775139,26
250,2,0.594,0.556211697,27
200,12,0.593333333,0.577944314,20
100,18,0.593333333,0.587760767,28
100,20,0.593333333,0.587760767,28
100,22,0.593333333,0.587760767,28
100,24,0.593333333,0.587760767,28
100,26,0.593333333,0.587760767,28
100,28,0.593333333,0.587760767,28
200,4,0.592666667,0.558049208,17
100,12,0.592666667,0.592471007,21
150,2,0.592,0.574045877,15
100,14,0.591333333,0.574862149,25
100,4,0.590666667,0.562153649,20
100,18,0.59,0.584680538,18
100,20,0.59,0.584680538,18
100,22,0.59,0.584680538,18
100,24,0.59,0.584680538,18
100,26,0.59,0.584680538,18
100,28,0.59,0.584680538,18
250,6,0.59,0.554808752,22
100,14,0.59,0.568142861,22
100,6,0.59,0.57129244,28
150,4,0.589333333,0.555509967,13
100,10,0.589333333,0.570430848,17
100,14,0.589333333,0.588970148,21
100,16,0.589333333,0.588987591,21
100,18,0.589333333,0.588987591,21
100,20,0.589333333,0.588987591,21
100,22,0.589333333,0.588987591,21
100,24,0.589333333,0.588987591,21
100,26,0.589333333,0.588987591,21
100,28,0.589333333,0.588987591,21
100,20,0.588666667,0.57866603,25
100,22,0.588666667,0.57866603,25
100,24,0.588666667,0.57866603,25
100,26,0.588666667,0.57866603,25
100,28,0.588666667,0.57866603,25
150,14,0.588666667,0.590472674,26
250,4,0.588,0.564664558,16
100,12,0.588,0.564487732,22
250,16,0.588,0.564487732,22
250,18,0.588,0.564487732,22
250,20,0.588,0.564487732,22
250,22,0.588,0.564487732,22
250,24,0.588,0.564487732,22
250,26,0.588,0.564487732,22
250,28,0.588,0.564487732,22
150,6,0.588,0.569550069,28
200,14,0.587333333,0.586577273,26
150,4,0.586666667,0.509112419,6
100,4,0.586666667,0.553167859,13
100,16,0.586666667,0.577240442,18
100,12,0.586666667,0.581375473,26
150,10,0.586666667,0.580386736,28
250,12,0.586,0.56951761,18
100,10,0.586,0.582416137,28
150,2,0.584666667,0.562496669,16
100,6,0.584666667,0.553186003,17
250,10,0.584666667,0.579319781,28
250,18,0.584,0.567720171,18
250,20,0.584,0.567720171,18
250,22,0.584,0.567720171,18
250,24,0.584,0.567720171,18
250,26,0.584,0.567720171,18
250,28,0.584,0.567720171,18
200,2,0.584,0.548269797,19
250,2,0.584,0.548143586,19
150,14,0.583333333,0.560607385,12
150,16,0.583333333,0.560607385,12
150,18,0.583333333,0.560607385,12
150,20,0.583333333,0.560607385,12
150,22,0.583333333,0.560607385,12
150,24,0.583333333,0.560607385,12
150,26,0.583333333,0.560607385,12
150,28,0.583333333,0.560607385,12
150,14,0.583333333,0.58375748,21
150,10,0.582666667,0.558140348,11
200,10,0.582666667,0.546485691,12
100,12,0.582666667,0.565249342,17
150,12,0.582666667,0.565570929,17
200,4,0.582,0.541668101,14
250,4,0.582,0.543300004,14
100,2,0.582,0.546336459,26
150,2,0.582,0.546336459,26
200,2,0.582,0.546336459,26
250,2,0.582,0.546336459,26
100,2,0.581333333,0.54577203,14
150,2,0.581333333,0.54577203,14
200,2,0.581333333,0.54577203,14
250,2,0.581333333,0.54577203,14
100,8,0.581333333,0.559603436,17
250,18,0.581333333,0.581609634,21
250,20,0.581333333,0.581609634,21
250,22,0.581333333,0.581609634,21
250,24,0.581333333,0.581609634,21
250,26,0.581333333,0.581609634,21
250,28,0.581333333,0.581609634,21
100,2,0.581333333,0.54577203,22
200,10,0.581333333,0.576434125,26
250,10,0.581333333,0.576434125,26
150,4,0.580666667,0.547288692,17
100,2,0.580666667,0.544204912,20
150,2,0.580666667,0.544204912,20
200,2,0.580666667,0.544204912,20
250,2,0.580666667,0.544204912,20
200,2,0.580666667,0.529095682,23
250,2,0.580666667,0.529095682,23
100,2,0.580666667,0.544264281,24
250,2,0.580666667,0.544233401,24
150,2,0.580666667,0.544048076,25
200,12,0.580666667,0.577258996,26
200,2,0.580666667,0.544052687,28
250,2,0.580666667,0.544052687,28
100,2,0.580666667,0.544052687,29
150,2,0.580666667,0.544052687,29
200,2,0.580666667,0.544052687,29
250,2,0.580666667,0.544052687,29
150,2,0.58,0.566680589,5
250,14,0.58,0.557594716,16
250,6,0.58,0.549682273,17
150,10,0.58,0.551141364,18
250,6,0.58,0.554897387,20
100,8,0.58,0.566583652,26
150,8,0.58,0.567642085,26
100,2,0.58,0.543503683,28
150,2,0.58,0.543503683,28
200,10,0.579333333,0.556563084,17
100,2,0.579333333,0.54424084,21
250,14,0.578666667,0.578825599,21
200,10,0.578666667,0.559157861,22
200,2,0.578666667,0.54221461,25
250,2,0.578666667,0.54221461,25
150,8,0.577333333,0.551948902,20
100,10,0.577333333,0.57834912,21
100,2,0.577333333,0.542228944,27
150,2,0.577333333,0.542228944,27
200,2,0.577333333,0.542228944,27
150,8,0.576666667,0.555699073,17
200,8,0.576666667,0.555660133,17
250,8,0.576666667,0.555660133,17
150,10,0.576666667,0.554361504,17
250,12,0.576666667,0.555309827,22
150,16,0.576666667,0.576436431,26
100,18,0.576666667,0.578993738,26
150,18,0.576666667,0.578993738,26
100,20,0.576666667,0.578993738,26
150,20,0.576666667,0.578993738,26
100,22,0.576666667,0.578993738,26
150,22,0.576666667,0.578993738,26
100,24,0.576666667,0.578993738,26
150,24,0.576666667,0.578993738,26
100,26,0.576666667,0.578993738,26
150,26,0.576666667,0.578993738,26
100,28,0.576666667,0.578993738,26
150,28,0.576666667,0.578993738,26
250,4,0.576,0.544594207,17
100,2,0.576,0.525589721,19
150,4,0.575333333,0.53686615,20
200,4,0.575333333,0.53686615,20
250,4,0.575333333,0.53686615,20
150,10,0.574666667,0.565639598,20
100,18,0.574666667,0.565968945,25
150,18,0.574666667,0.566240408,25
150,20,0.574666667,0.565968945,25
150,22,0.574666667,0.565968945,25
150,24,0.574666667,0.565968945,25
150,26,0.574666667,0.565968945,25
150,28,0.574666667,0.565968945,25
200,14,0.574,0.564677278,18
200,8,0.574,0.55040139,20
150,12,0.574,0.57004988,26
150,8,0.573333333,0.567864922,28
150,4,0.572666667,0.551074868,16
100,6,0.572666667,0.547640279,20
100,12,0.572666667,0.559322474,20
250,12,0.572666667,0.564307342,26
200,16,0.572666667,0.569436421,26
250,16,0.572666667,0.569436421,26
200,18,0.572666667,0.572267,26
250,18,0.572666667,0.569436421,26
200,20,0.572666667,0.572267,26
250,20,0.572666667,0.569436421,26
200,22,0.572666667,0.572267,26
250,22,0.572666667,0.569436421,26
200,24,0.572666667,0.572267,26
250,24,0.572666667,0.569436421,26
200,26,0.572666667,0.572267,26
250,26,0.572666667,0.569436421,26
200,28,0.572666667,0.572267,26
250,28,0.572666667,0.569436421,26
100,14,0.572,0.548339201,11
100,16,0.572,0.548339201,11
100,18,0.572,0.548339201,11
100,20,0.572,0.548339201,11
100,22,0.572,0.548339201,11
100,24,0.572,0.548339201,11
100,26,0.572,0.548339201,11
100,28,0.572,0.548339201,11
200,2,0.571333333,0.549901663,16
250,2,0.571333333,0.549901663,16
150,2,0.571333333,0.521072917,23
100,14,0.571333333,0.5720044,26
100,8,0.570666667,0.556098853,20
250,16,0.570666667,0.570700044,21
200,16,0.57,0.549765231,12
200,18,0.57,0.549765231,12
200,20,0.57,0.549765231,12
200,22,0.57,0.549765231,12
200,24,0.57,0.549765231,12
200,26,0.57,0.549765231,12
200,28,0.57,0.549765231,12
250,16,0.57,0.555092905,18
200,16,0.57,0.569988124,21
200,18,0.57,0.569988124,21
200,20,0.57,0.569988124,21
200,22,0.57,0.569988124,21
200,24,0.57,0.569988124,21
200,26,0.57,0.569988124,21
200,28,0.57,0.569988124,21
200,16,0.57,0.561727362,25
200,18,0.57,0.561727362,25
200,20,0.57,0.561727362,25
250,20,0.57,0.561727362,25
200,22,0.57,0.561727362,25
250,22,0.57,0.561727362,25
200,24,0.57,0.561727362,25
250,24,0.57,0.561727362,25
200,26,0.57,0.561727362,25
250,26,0.57,0.561727362,25
200,28,0.57,0.561727362,25
250,28,0.57,0.561727362,25
100,4,0.569333333,0.493041222,6
200,4,0.569333333,0.493041222,6
250,4,0.569333333,0.493253576,6
200,14,0.569333333,0.548738858,12
250,14,0.569333333,0.548738858,12
250,16,0.569333333,0.548738858,12
250,18,0.569333333,0.548738858,12
250,20,0.569333333,0.548738858,12
250,22,0.569333333,0.548738858,12
250,24,0.569333333,0.548738858,12
250,26,0.569333333,0.548738858,12
250,28,0.569333333,0.548738858,12
250,10,0.568666667,0.534786636,12
200,14,0.568,0.567847859,21
150,18,0.568,0.568090914,21
150,20,0.568,0.568090914,21
150,22,0.568,0.568090914,21
150,24,0.568,0.568090914,21
150,26,0.568,0.568090914,21
150,28,0.568,0.568090914,21
100,14,0.567333333,0.552336823,17
200,14,0.567333333,0.552587058,17
100,16,0.567333333,0.552336823,17
100,18,0.567333333,0.552341882,17
100,20,0.567333333,0.552341882,17
100,22,0.567333333,0.552341882,17
100,24,0.567333333,0.552341882,17
100,26,0.567333333,0.552341882,17
100,28,0.567333333,0.552341882,17
100,10,0.567333333,0.539915569,18
100,2,0.567333333,0.531574709,25
200,12,0.566666667,0.546467702,12
100,16,0.566666667,0.546467702,12
100,18,0.566666667,0.546467702,12
100,20,0.566666667,0.546467702,12
100,22,0.566666667,0.546467702,12
100,24,0.566666667,0.546467702,12
100,26,0.566666667,0.546467702,12
100,28,0.566666667,0.546467702,12
200,6,0.566666667,0.537796788,17
150,2,0.566666667,0.517550032,19
200,8,0.566666667,0.53788094,22
250,8,0.566666667,0.53788094,22
100,10,0.566666667,0.53683558,22
200,10,0.566666667,0.564395587,28
200,2,0.566,0.553421286,5
250,2,0.566,0.553421286,5
250,10,0.565333333,0.54194749,16
150,16,0.565333333,0.5649835,21
150,14,0.565333333,0.557107694,25
100,12,0.564,0.540508492,11
150,6,0.564,0.537612818,17
150,10,0.563333333,0.541228335,16
150,2,0.563333333,0.529704991,22
200,2,0.563333333,0.529704991,22
250,2,0.563333333,0.529704991,22
200,10,0.562666667,0.538350419,16
250,16,0.562666667,0.540379542,16
100,6,0.562666667,0.529875224,18
100,10,0.562666667,0.554390729,25
150,12,0.562,0.538602232,11
150,14,0.562,0.538602232,11
150,16,0.562,0.538602232,11
150,18,0.562,0.538602232,11
150,20,0.562,0.538602232,11
150,22,0.562,0.538602232,11
150,24,0.562,0.538602232,11
150,26,0.562,0.538602232,11
150,28,0.562,0.538602232,11
150,10,0.562,0.52894333,12
150,6,0.562,0.529507586,18
200,6,0.562,0.529507586,18
250,6,0.562,0.529507586,18
200,10,0.562,0.535145162,18
250,10,0.562,0.535253196,18
250,16,0.562,0.554514049,25
100,10,0.561333333,0.533215559,11
150,8,0.561333333,0.532634323,22
150,10,0.561333333,0.549770048,26
250,10,0.560666667,0.541917705,17
250,10,0.560666667,0.53238353,22
250,10,0.560666667,0.552129571,25
100,4,0.559333333,0.539134438,16
150,12,0.559333333,0.545400412,18
200,12,0.559333333,0.545400412,18
100,16,0.559333333,0.545840607,25
100,12,0.558666667,0.539631589,12
150,12,0.558666667,0.539631589,12
100,10,0.558666667,0.545949944,26
250,14,0.558,0.538167869,18
200,8,0.558,0.5481392,28
250,8,0.558,0.545139651,28
200,12,0.557333333,0.539367685,17
250,12,0.557333333,0.539367685,17
250,14,0.557333333,0.539045271,17
250,16,0.557333333,0.539390914,17
250,18,0.557333333,0.539390914,17
250,20,0.557333333,0.539390914,17
250,22,0.557333333,0.539390914,17
250,24,0.557333333,0.539390914,17
250,26,0.557333333,0.539390914,17
250,28,0.557333333,0.539390914,17
100,14,0.557333333,0.549022672,18
200,16,0.557333333,0.543574404,18
200,18,0.557333333,0.543574404,18
200,20,0.557333333,0.543574404,18
200,22,0.557333333,0.543574404,18
200,24,0.557333333,0.543574404,18
200,26,0.557333333,0.543574404,18
200,28,0.557333333,0.543574404,18
150,16,0.557333333,0.549992723,25
250,14,0.557333333,0.550639674,26
150,14,0.556666667,0.543240644,17
150,16,0.556666667,0.543242228,17
150,18,0.556666667,0.543242228,17
150,20,0.556666667,0.543242228,17
150,22,0.556666667,0.543242228,17
150,24,0.556666667,0.543242228,17
150,26,0.556666667,0.543242228,17
150,28,0.556666667,0.543242228,17
150,8,0.556,0.526287837,18
200,8,0.556,0.526287837,18
250,8,0.556,0.526200086,18
100,10,0.556,0.541941868,20
100,2,0.556,0.508255231,23
100,8,0.556,0.546640405,28
200,4,0.555333333,0.535491632,16
100,8,0.555333333,0.524268229,18
150,16,0.555333333,0.541745358,18
150,18,0.555333333,0.541745358,18
150,20,0.555333333,0.541745358,18
150,22,0.555333333,0.541745358,18
150,24,0.555333333,0.541745358,18
150,26,0.555333333,0.541745358,18
150,28,0.555333333,0.541745358,18
100,8,0.555333333,0.543600395,25
150,8,0.555333333,0.543600395,25
200,8,0.555333333,0.543600395,25
250,8,0.555333333,0.543600395,25
100,2,0.554,0.521300411,17
150,2,0.554,0.521300411,17
200,2,0.554,0.521300411,17
250,2,0.554,0.521300411,17
200,16,0.554,0.54110756,17
200,18,0.554,0.541122629,17
200,20,0.554,0.541122629,17
200,22,0.554,0.541122629,17
200,24,0.554,0.541122629,17
200,26,0.554,0.541122629,17
200,28,0.554,0.541122629,17
100,8,0.554,0.526206071,22
250,4,0.553333333,0.536339697,5
200,6,0.553333333,0.531810848,20
250,8,0.553333333,0.531445612,20
250,4,0.552666667,0.507950558,13
150,6,0.552666667,0.530825516,20
250,18,0.552666667,0.545775745,25
200,6,0.550666667,0.531326013,16
100,10,0.55,0.529832211,16
200,12,0.55,0.527800526,16
250,12,0.55,0.528288789,16
100,14,0.55,0.530031476,16
150,14,0.55,0.529628898,16
200,14,0.55,0.528288789,16
100,16,0.55,0.530031476,16
150,16,0.55,0.529628898,16
200,16,0.55,0.529010525,16
100,18,0.55,0.530031476,16
150,18,0.55,0.529855242,16
200,18,0.55,0.529628898,16
250,18,0.55,0.529628898,16
100,20,0.55,0.530031476,16
150,20,0.55,0.529855242,16
200,20,0.55,0.529628898,16
250,20,0.55,0.529628898,16
100,22,0.55,0.530031476,16
150,22,0.55,0.529855242,16
200,22,0.55,0.529628898,16
250,22,0.55,0.529628898,16
100,24,0.55,0.530031476,16
150,24,0.55,0.529855242,16
200,24,0.55,0.529628898,16
250,24,0.55,0.529628898,16
100,26,0.55,0.530031476,16
150,26,0.55,0.529855242,16
200,26,0.55,0.529628898,16
250,26,0.55,0.529628898,16
100,28,0.55,0.530031476,16
150,28,0.55,0.529855242,16
200,28,0.55,0.529628898,16
250,28,0.55,0.529628898,16
150,10,0.55,0.542268178,25
150,12,0.549333333,0.527803599,16
250,12,0.548666667,0.517953251,12
100,14,0.548666667,0.529919655,12
150,6,0.548666667,0.529561867,16
100,4,0.548,0.516313359,11
150,4,0.548,0.516313359,11
250,4,0.548,0.516313359,11
100,2,0.548,0.530129632,16
150,12,0.548,0.516284897,19
200,4,0.546666667,0.516018866,18
250,4,0.546666667,0.516018866,18
150,14,0.546666667,0.538361069,18
100,6,0.546666667,0.534799033,25
150,6,0.546666667,0.526869489,25
100,12,0.546,0.534394684,25
200,14,0.546,0.539105618,25
150,8,0.545333333,0.524257977,16
250,8,0.545333333,0.524257977,16
200,10,0.544666667,0.537278858,25
200,12,0.544,0.523189472,11
200,14,0.544,0.523189472,11
200,16,0.544,0.523189472,11
200,18,0.544,0.523189472,11
200,20,0.544,0.523189472,11
200,22,0.544,0.523189472,11
200,24,0.544,0.523189472,11
200,26,0.544,0.523189472,11
200,28,0.544,0.523189472,11
200,6,0.543333333,0.503871457,8
200,10,0.543333333,0.520609832,11
250,10,0.543333333,0.521637739,11
250,12,0.543333333,0.519907285,19
200,10,0.542666667,0.502798016,6
100,2,0.542666667,0.495923653,10
200,2,0.542666667,0.495923653,10
150,2,0.542666667,0.512364556,18
200,2,0.542666667,0.512364556,18
250,2,0.542666667,0.512364556,18
100,8,0.540666667,0.52250833,11
100,4,0.540666667,0.49491099,12
150,4,0.540666667,0.49491099,12
200,12,0.537333333,0.534885457,7
200,14,0.537333333,0.532061337,7
200,16,0.537333333,0.532061337,7
200,18,0.537333333,0.532061337,7
200,20,0.537333333,0.532061337,7
200,22,0.537333333,0.532061337,7
200,24,0.537333333,0.532061337,7
200,26,0.537333333,0.532061337,7
200,28,0.537333333,0.532061337,7
200,4,0.536666667,0.493392483,13
150,4,0.536,0.510429963,5
100,8,0.536,0.504617707,12
250,14,0.536,0.506205152,13
250,16,0.536,0.506205152,13
250,18,0.536,0.506205152,13
250,20,0.536,0.506205152,13
250,22,0.536,0.506205152,13
250,24,0.536,0.506205152,13
250,26,0.536,0.506205152,13
250,28,0.536,0.506205152,13
150,12,0.536,0.524653382,25
150,10,0.535333333,0.505636405,13
250,10,0.535333333,0.505636405,13
250,12,0.535333333,0.505562374,13
250,12,0.535333333,0.524448314,25
250,6,0.534666667,0.517165317,16
100,6,0.534666667,0.500996119,19
200,8,0.534,0.51457116,16
100,12,0.534,0.517207396,18
100,2,0.533333333,0.521360958,5
100,10,0.533333333,0.534008946,7
100,12,0.533333333,0.51537198,16
200,6,0.531333333,0.470909409,6
100,6,0.531333333,0.513982215,16
200,4,0.530666667,0.502789298,11
200,6,0.529333333,0.51158504,25
250,6,0.529333333,0.510556102,25
150,14,0.528666667,0.507940189,19
200,14,0.528666667,0.507940189,19
250,10,0.528,0.48964432,6
200,12,0.528,0.497755808,19
250,14,0.528,0.507264492,19
150,10,0.527333333,0.491675745,6
100,2,0.527333333,0.499300954,18
100,4,0.527333333,0.498546153,18
150,4,0.527333333,0.498546153,18
250,14,0.527333333,0.521217616,25
200,4,0.526666667,0.483191596,12
250,4,0.526666667,0.483191596,12
150,2,0.526,0.480672698,10
250,2,0.526,0.480672698,10
150,10,0.525333333,0.516435837,7
100,4,0.525333333,0.493082794,10
200,4,0.525333333,0.482362587,10
250,4,0.525333333,0.482362587,10
250,12,0.525333333,0.505403078,11
250,14,0.525333333,0.505403078,11
250,16,0.525333333,0.505403078,11
250,18,0.525333333,0.505403078,11
250,20,0.525333333,0.505403078,11
250,22,0.525333333,0.505403078,11
250,24,0.525333333,0.505403078,11
250,26,0.525333333,0.505403078,11
250,28,0.525333333,0.505403078,11
100,10,0.525333333,0.497025988,12
100,6,0.525333333,0.496975404,13
150,6,0.525333333,0.49705674,13
200,6,0.525333333,0.496975404,13
250,6,0.525333333,0.496975404,13
100,8,0.525333333,0.508359583,16
250,12,0.524666667,0.519241077,7
100,12,0.524,0.469978602,8
100,14,0.524,0.469978602,8
100,16,0.524,0.469978602,8
100,18,0.524,0.469978602,8
100,20,0.524,0.469978602,8
100,22,0.524,0.469978602,8
100,24,0.524,0.469978602,8
100,26,0.524,0.469978602,8
100,28,0.524,0.469978602,8
100,8,0.523333333,0.483443083,13
200,12,0.522666667,0.512894363,25
150,20,0.521333333,0.509691819,3
150,22,0.521333333,0.509691819,3
150,24,0.521333333,0.509691819,3
150,26,0.521333333,0.509691819,3
150,28,0.521333333,0.509691819,3
150,8,0.521333333,0.516495816,7
150,16,0.520666667,0.519307315,7
150,18,0.520666667,0.519307315,7
150,20,0.520666667,0.519307315,7
150,22,0.520666667,0.519307315,7
150,24,0.520666667,0.519307315,7
150,26,0.520666667,0.519307315,7
150,28,0.520666667,0.519307315,7
150,8,0.520666667,0.490124224,13
200,14,0.520666667,0.491314038,13
200,16,0.520666667,0.491314038,13
200,18,0.520666667,0.491314038,13
200,20,0.520666667,0.491314038,13
200,22,0.520666667,0.491314038,13
200,24,0.520666667,0.491314038,13
200,26,0.520666667,0.491314038,13
200,28,0.520666667,0.491314038,13
100,18,0.520666667,0.501100881,19
100,20,0.520666667,0.501100881,19
100,22,0.520666667,0.501100881,19
100,24,0.520666667,0.501100881,19
100,26,0.520666667,0.501100881,19
100,28,0.520666667,0.501100881,19
150,2,0.52,0.474094035,13
200,2,0.52,0.474094035,13
250,2,0.52,0.474094035,13
200,10,0.52,0.490727985,13
200,12,0.52,0.490661268,13
100,4,0.52,0.475241567,19
100,16,0.519333333,0.484306004,13
100,18,0.519333333,0.484306004,13
100,20,0.519333333,0.484306004,13
100,22,0.519333333,0.484306004,13
100,24,0.519333333,0.484306004,13
100,26,0.519333333,0.484306004,13
100,28,0.519333333,0.484306004,13
200,4,0.518666667,0.492742044,5
100,4,0.518666667,0.522593766,7
100,8,0.518666667,0.518761768,7
150,12,0.518666667,0.516938362,7
100,8,0.518666667,0.500364136,10
150,4,0.517333333,0.52196045,7
100,2,0.517333333,0.474079877,13
150,6,0.517333333,0.471777543,19
200,6,0.517333333,0.472541725,19
150,14,0.516666667,0.485087608,6
200,8,0.516,0.494138533,10
150,6,0.514,0.464528358,6
150,8,0.512666667,0.459892546,6
250,14,0.512666667,0.502623063,7
250,16,0.512666667,0.502623063,7
250,18,0.512666667,0.502623063,7
250,20,0.512666667,0.502623063,7
250,22,0.512666667,0.502623063,7
250,24,0.512666667,0.502623063,7
250,26,0.512666667,0.502623063,7
250,28,0.512666667,0.502623063,7
200,8,0.511333333,0.462718642,6
250,8,0.511333333,0.458731784,6
150,6,0.510666667,0.493318694,11
250,8,0.510666667,0.483841522,12
250,18,0.510666667,0.492651597,19
250,20,0.510666667,0.492651597,19
250,22,0.510666667,0.492651597,19
250,24,0.510666667,0.492651597,19
250,26,0.510666667,0.492651597,19
250,28,0.510666667,0.492651597,19
150,6,0.51,0.474029946,8
150,10,0.51,0.456825076,8
150,12,0.51,0.456623922,8
150,14,0.51,0.456623922,8
150,16,0.51,0.456623922,8
150,18,0.51,0.456623922,8
150,20,0.51,0.456623922,8
150,22,0.51,0.456623922,8
150,24,0.51,0.456623922,8
150,26,0.51,0.456623922,8
150,28,0.51,0.456623922,8
150,4,0.51,0.468942378,19
150,8,0.51,0.494190628,19
100,8,0.509333333,0.472871436,6
100,10,0.509333333,0.483205405,6
200,8,0.509333333,0.50195947,7
250,8,0.509333333,0.500966199,7
200,10,0.509333333,0.500966199,7
250,10,0.509333333,0.500966199,7
100,8,0.509333333,0.493587476,19
250,6,0.508,0.459898781,8
150,16,0.508,0.490483896,19
150,18,0.508,0.490483896,19
150,20,0.508,0.490483896,19
150,22,0.508,0.490483896,19
150,24,0.508,0.490483896,19
150,26,0.508,0.490483896,19
150,28,0.508,0.490483896,19
150,4,0.507333333,0.466172485,10
100,6,0.507333333,0.490495162,11
100,6,0.507333333,0.466009538,12
150,6,0.507333333,0.466009538,12
250,6,0.507333333,0.464105959,12
150,8,0.507333333,0.478555231,12
100,12,0.507333333,0.490755014,19
200,18,0.507333333,0.489822597,19
200,20,0.507333333,0.489822597,19
200,22,0.507333333,0.489822597,19
200,24,0.507333333,0.489822597,19
200,26,0.507333333,0.489822597,19
200,28,0.507333333,0.489822597,19
200,4,0.506666667,0.507960388,7
150,14,0.506,0.501612347,7
200,8,0.506,0.466957371,13
250,8,0.506,0.466957371,13
250,6,0.506,0.466343907,19
150,10,0.506,0.489096992,19
100,10,0.505333333,0.487606587,19
200,10,0.505333333,0.487676706,19
250,10,0.505333333,0.487660271,19
200,12,0.504666667,0.481562211,6
250,12,0.504666667,0.481562211,6
200,14,0.504666667,0.481562211,6
250,14,0.504666667,0.481562211,6
200,16,0.504666667,0.485067189,6
250,16,0.504666667,0.481562211,6
200,18,0.504666667,0.485067189,6
250,18,0.504666667,0.481562211,6
200,20,0.504666667,0.485067189,6
250,20,0.504666667,0.481562211,6
200,22,0.504666667,0.485067189,6
250,22,0.504666667,0.481562211,6
200,24,0.504666667,0.485067189,6
250,24,0.504666667,0.481562211,6
200,26,0.504666667,0.485067189,6
250,26,0.504666667,0.481562211,6
200,28,0.504666667,0.485067189,6
250,28,0.504666667,0.481562211,6
150,8,0.504666667,0.488466744,11
200,8,0.504666667,0.478814206,11
250,8,0.504666667,0.488466744,11
200,2,0.504,0.464326356,9
100,16,0.503333333,0.486418833,19
150,14,0.502666667,0.486450322,3
150,16,0.502666667,0.486450322,3
250,4,0.502666667,0.503351595,7
100,8,0.502666667,0.464604962,8
250,10,0.502666667,0.44918796,8
150,2,0.502666667,0.46317925,9
250,2,0.502666667,0.46317925,9
150,14,0.502666667,0.47534691,13
150,16,0.502666667,0.47534691,13
150,18,0.502666667,0.47534691,13
150,20,0.502666667,0.47534691,13
150,22,0.502666667,0.47534691,13
150,24,0.502666667,0.47534691,13
150,26,0.502666667,0.47534691,13
150,28,0.502666667,0.47534691,13
200,8,0.502,0.448593151,8
150,8,0.502,0.483995004,10
250,4,0.502,0.460129227,19
100,6,0.501333333,0.499383829,7
200,8,0.501333333,0.473863464,12
200,4,0.5,0.460111365,19
100,6,0.499333333,0.470945962,4
250,6,0.499333333,0.450849787,6
200,10,0.498,0.445577696,8
200,12,0.498,0.445577696,8
200,14,0.498,0.445577696,8
200,16,0.498,0.445577696,8
200,18,0.498,0.445577696,8
200,20,0.498,0.445577696,8
200,22,0.498,0.445577696,8
200,24,0.498,0.445577696,8
200,26,0.498,0.445577696,8
200,28,0.498,0.445577696,8
250,8,0.497333333,0.480528805,10
200,8,0.496666667,0.483335477,5
150,2,0.496666667,0.415340289,8
250,14,0.496,0.480975825,10
250,16,0.496,0.480975825,10
250,18,0.496,0.480975825,10
250,20,0.496,0.480975825,10
250,22,0.496,0.480975825,10
250,24,0.496,0.480975825,10
250,26,0.496,0.480975825,10
250,28,0.496,0.480975825,10
100,6,0.495333333,0.491538502,5
100,6,0.495333333,0.461705919,8
100,8,0.494,0.483858177,5
200,8,0.494,0.472309515,19
250,8,0.494,0.472309515,19
100,12,0.493333333,0.492912113,7
100,14,0.493333333,0.492912113,7
100,16,0.493333333,0.492912113,7
100,18,0.493333333,0.492912113,7
100,20,0.493333333,0.492912113,7
100,22,0.493333333,0.492912113,7
100,24,0.493333333,0.492912113,7
100,26,0.493333333,0.492912113,7
100,28,0.493333333,0.492912113,7
150,12,0.492666667,0.448291839,6
150,16,0.492666667,0.452049922,6
150,18,0.492666667,0.452049922,6
150,20,0.492666667,0.452049922,6
150,22,0.492666667,0.452049922,6
150,24,0.492666667,0.452049922,6
150,26,0.492666667,0.452049922,6
150,28,0.492666667,0.452049922,6
150,2,0.492,0.424179176,6
200,2,0.492,0.424179176,6
250,2,0.492,0.424179176,6
150,4,0.492,0.439735815,8
250,6,0.492,0.480382555,11
150,6,0.490666667,0.48545645,5
100,12,0.49,0.470557145,6
100,14,0.49,0.470557145,6
250,8,0.49,0.438532154,8
200,6,0.49,0.450193616,12
100,14,0.49,0.474996032,19
200,16,0.49,0.474996032,19
250,16,0.49,0.474996032,19
100,10,0.489333333,0.441211774,8
200,6,0.489333333,0.469415266,11
150,8,0.488666667,0.438650845,8
100,14,0.488666667,0.458259711,13
100,4,0.487333333,0.467209989,5
250,6,0.487333333,0.482648145,7
100,6,0.487333333,0.454136436,10
200,10,0.486666667,0.472019198,10
200,2,0.486,0.405871496,8
250,2,0.486,0.405871496,8
250,14,0.484666667,0.477299694,3
250,18,0.484666667,0.477299694,3
250,20,0.484666667,0.477299694,3
250,22,0.484666667,0.477299694,3
250,24,0.484666667,0.477299694,3
250,26,0.484666667,0.477299694,3
250,28,0.484666667,0.477299694,3
200,6,0.484666667,0.48518023,7
200,6,0.484666667,0.4602227,10
250,6,0.484666667,0.4602227,10
100,2,0.484,0.476439316,7
150,2,0.484,0.475580929,7
200,2,0.484,0.475580929,7
250,2,0.484,0.475580929,7
100,4,0.483333333,0.434426562,8
250,4,0.483333333,0.41144107,8
100,2,0.483333333,0.446346169,9
100,10,0.482,0.474542241,3
100,10,0.482,0.456928162,13
150,12,0.482,0.456580913,13
120,5,0.481333333,0.468350349,3
140,5,0.481333333,0.468350349,3
160,5,0.481333333,0.468322221,3
200,6,0.48,0.468403939,5
120,6,0.478666667,0.467318127,3
140,6,0.478666667,0.467477296,3
160,6,0.478666667,0.467318127,3
180,6,0.478666667,0.467318127,3
200,6,0.478666667,0.467318127,3
220,6,0.478666667,0.467318127,3
240,6,0.478666667,0.467318127,3
260,6,0.478666667,0.467318127,3
280,6,0.478666667,0.467318127,3
150,6,0.478666667,0.467318127,3
200,6,0.478666667,0.467318127,3
250,6,0.478666667,0.467318127,3
250,10,0.478666667,0.473426749,3
150,12,0.478666667,0.45635655,4
100,14,0.478666667,0.454707118,4
100,16,0.478666667,0.454707118,4
100,18,0.478666667,0.454707118,4
100,20,0.478666667,0.454707118,4
100,22,0.478666667,0.454707118,4
100,24,0.478666667,0.454707118,4
100,26,0.478666667,0.454707118,4
100,28,0.478666667,0.454707118,4
150,8,0.478,0.473085253,5
200,2,0.477333333,0.439308504,12
250,2,0.477333333,0.439704091,12
100,5,0.476666667,0.464334042,3
150,14,0.475333333,0.459978123,4
250,6,0.475333333,0.467366783,5
100,16,0.474666667,0.448823973,6
100,18,0.474666667,0.448823973,6
100,20,0.474666667,0.448823973,6
100,22,0.474666667,0.448823973,6
100,24,0.474666667,0.448823973,6
100,26,0.474666667,0.448823973,6
100,28,0.474666667,0.448823973,6
200,4,0.474666667,0.404259484,8
150,10,0.474,0.456444557,10
250,10,0.474,0.457192924,10
250,16,0.472,0.464615278,3
200,12,0.472,0.459465213,10
250,12,0.472,0.459465213,10
150,6,0.471333333,0.468439642,7
150,6,0.471333333,0.44081733,10
150,12,0.470666667,0.456424254,10
100,10,0.469333333,0.449734649,10
150,10,0.468,0.462269107,3
250,12,0.468,0.419023813,8
250,14,0.468,0.419023813,8
250,16,0.468,0.419023813,8
250,18,0.468,0.419023813,8
250,20,0.468,0.419023813,8
250,22,0.468,0.419023813,8
250,24,0.468,0.419023813,8
250,26,0.468,0.419023813,8
250,28,0.468,0.419023813,8
100,8,0.467333333,0.464769201,3
100,8,0.467333333,0.464769201,3
100,12,0.467333333,0.445917767,13
100,6,0.466666667,0.428376563,6
100,10,0.466666667,0.461756447,9
100,12,0.466,0.454592297,3
150,12,0.466,0.454863988,3
200,12,0.466,0.454598511,3
100,14,0.466,0.454592297,3
200,14,0.466,0.454598511,3
200,16,0.466,0.454598511,3
150,18,0.466,0.454598511,3
200,18,0.466,0.454598511,3
200,20,0.466,0.454598511,3
200,22,0.466,0.454598511,3
200,24,0.466,0.454598511,3
200,26,0.466,0.454598511,3
200,28,0.466,0.454598511,3
200,14,0.464666667,0.441170035,4
140,8,0.462,0.457748938,3
200,10,0.462,0.457748938,3
150,6,0.462,0.439769452,4
200,6,0.462,0.439769452,4
100,6,0.461333333,0.451006318,3
280,7,0.461333333,0.451184642,3
100,6,0.461333333,0.451006318,3
100,10,0.461333333,0.43928157,4
200,10,0.460666667,0.438364353,4
250,10,0.460666667,0.438364353,4
250,12,0.460666667,0.438660526,4
250,14,0.460666667,0.439272636,4
150,16,0.460666667,0.438611054,4
250,16,0.460666667,0.439272636,4
150,18,0.460666667,0.438611054,4
200,18,0.460666667,0.439272636,4
250,18,0.460666667,0.439272636,4
150,20,0.460666667,0.438611054,4
200,20,0.460666667,0.439272636,4
250,20,0.460666667,0.439272636,4
150,22,0.460666667,0.438611054,4
200,22,0.460666667,0.439272636,4
250,22,0.460666667,0.439272636,4
150,24,0.460666667,0.438611054,4
200,24,0.460666667,0.439272636,4
250,24,0.460666667,0.439272636,4
150,26,0.460666667,0.438611054,4
200,26,0.460666667,0.439272636,4
250,26,0.460666667,0.439272636,4
150,28,0.460666667,0.438611054,4
200,28,0.460666667,0.439272636,4
250,28,0.460666667,0.439272636,4
200,8,0.46,0.449853961,3
200,8,0.46,0.449853961,3
200,14,0.459333333,0.444340098,10
200,16,0.459333333,0.444340098,10
200,18,0.459333333,0.444340098,10
200,20,0.459333333,0.444340098,10
200,22,0.459333333,0.444340098,10
200,24,0.459333333,0.444340098,10
200,26,0.459333333,0.444340098,10
200,28,0.459333333,0.444340098,10
100,2,0.458666667,0.381078776,8
100,12,0.458,0.436344744,4
100,2,0.458,0.423728336,12
150,2,0.458,0.423669956,12
100,4,0.456,0.4233394,9
200,4,0.454666667,0.422592338,9
250,4,0.454666667,0.422592338,9
250,12,0.453333333,0.442491073,3
100,12,0.453333333,0.433801384,10
100,14,0.453333333,0.433801384,10
150,14,0.453333333,0.433801384,10
100,16,0.453333333,0.433801384,10
150,16,0.453333333,0.433801384,10
100,18,0.453333333,0.433801384,10
150,18,0.453333333,0.433801384,10
100,20,0.453333333,0.433801384,10
150,20,0.453333333,0.433801384,10
100,22,0.453333333,0.433801384,10
150,22,0.453333333,0.433801384,10
100,24,0.453333333,0.433801384,10
150,24,0.453333333,0.433801384,10
100,26,0.453333333,0.433801384,10
150,26,0.453333333,0.433801384,10
100,28,0.453333333,0.433801384,10
150,28,0.453333333,0.433801384,10
200,8,0.452,0.445276823,9
100,12,0.45,0.443367868,9
120,8,0.449333333,0.446536649,3
160,8,0.449333333,0.446007334,3
150,8,0.449333333,0.446007334,3
100,16,0.449333333,0.43971577,3
100,18,0.449333333,0.43971577,3
100,20,0.449333333,0.43971577,3
100,22,0.449333333,0.43971577,3
100,24,0.449333333,0.43971577,3
100,26,0.449333333,0.43971577,3
100,28,0.449333333,0.43971577,3
150,10,0.449333333,0.437008152,9
250,6,0.448666667,0.428208039,4
150,8,0.447333333,0.425012675,4
250,8,0.447333333,0.430546189,5
250,10,0.446666667,0.442349772,9
150,12,0.446666667,0.440850873,9
250,12,0.446666667,0.440850873,9
150,14,0.446666667,0.440850873,9
250,14,0.446666667,0.440850873,9
150,16,0.446666667,0.440850873,9
250,16,0.446666667,0.440850873,9
150,18,0.446666667,0.440850873,9
250,18,0.446666667,0.440850873,9
150,20,0.446666667,0.440850873,9
250,20,0.446666667,0.440850873,9
150,22,0.446666667,0.440850873,9
250,22,0.446666667,0.440850873,9
150,24,0.446666667,0.440850873,9
250,24,0.446666667,0.440850873,9
150,26,0.446666667,0.440850873,9
250,26,0.446666667,0.440850873,9
150,28,0.446666667,0.440850873,9
250,28,0.446666667,0.440850873,9
200,12,0.446,0.425342074,4
200,16,0.446,0.425342074,4
100,14,0.446,0.436681935,5
100,16,0.446,0.435659821,5
100,18,0.446,0.435659821,5
100,20,0.446,0.435659821,5
100,22,0.446,0.435659821,5
100,24,0.446,0.435659821,5
100,26,0.446,0.435659821,5
100,28,0.446,0.435659821,5
200,4,0.445333333,0.403921337,4
250,4,0.445333333,0.403921337,4
100,6,0.445333333,0.421742918,9
250,8,0.444666667,0.435506292,9
100,7,0.443333333,0.435573229,3
120,7,0.443333333,0.435573229,3
140,7,0.443333333,0.435573229,3
180,7,0.443333333,0.435199969,3
200,7,0.443333333,0.435573229,3
220,7,0.443333333,0.435573229,3
240,7,0.443333333,0.435199969,3
260,7,0.443333333,0.435573229,3
180,8,0.443333333,0.434540403,3
220,8,0.443333333,0.434540403,3
240,8,0.443333333,0.434540403,3
250,8,0.443333333,0.434540403,3
150,10,0.443333333,0.423021639,4
150,4,0.441333333,0.408366616,9
150,4,0.438,0.395407774,4
100,2,0.438,0.384195237,6
150,6,0.438,0.413411366,9
100,14,0.434,0.426827063,9
100,16,0.434,0.426827063,9
100,18,0.434,0.426827063,9
100,20,0.434,0.426827063,9
100,22,0.434,0.426827063,9
100,24,0.434,0.426827063,9
100,26,0.434,0.426827063,9
100,28,0.434,0.426827063,9
100,10,0.432,0.418124991,5
200,10,0.431333333,0.429439108,9
200,12,0.431333333,0.429439108,9
200,14,0.431333333,0.429439108,9
200,16,0.431333333,0.429439108,9
200,18,0.431333333,0.429439108,9
200,20,0.431333333,0.429439108,9
200,22,0.431333333,0.429439108,9
200,24,0.431333333,0.429439108,9
200,26,0.431333333,0.429439108,9
200,28,0.431333333,0.429439108,9
100,8,0.43,0.410299469,4
150,12,0.43,0.417295458,5
200,12,0.43,0.417295458,5
250,12,0.43,0.416254922,5
150,14,0.43,0.417295458,5
200,14,0.43,0.417295458,5
250,14,0.43,0.416254922,5
150,16,0.43,0.417295458,5
200,16,0.43,0.417295458,5
250,16,0.43,0.417295458,5
150,18,0.43,0.417295458,5
200,18,0.43,0.417295458,5
250,18,0.43,0.417295458,5
150,20,0.43,0.417295458,5
200,20,0.43,0.417295458,5
250,20,0.43,0.417295458,5
150,22,0.43,0.417295458,5
200,22,0.43,0.417295458,5
250,22,0.43,0.417295458,5
150,24,0.43,0.417295458,5
200,24,0.43,0.417295458,5
250,24,0.43,0.417295458,5
150,26,0.43,0.417295458,5
200,26,0.43,0.417295458,5
250,26,0.43,0.417295458,5
150,28,0.43,0.417295458,5
200,28,0.43,0.417295458,5
250,28,0.43,0.417295458,5
200,8,0.429333333,0.407512539,4
160,7,0.425333333,0.41790747,3
200,6,0.424,0.40167457,9
250,6,0.424,0.401507546,9
100,4,0.419333333,0.372754593,4
180,5,0.416666667,0.391767004,3
150,10,0.416666667,0.400174318,5
200,10,0.416666667,0.400174318,5
250,10,0.416666667,0.400174318,5
100,12,0.415333333,0.401204101,5
100,8,0.412666667,0.409767434,9
250,8,0.412,0.393015263,4
150,8,0.408,0.399514696,9
100,6,0.402666667,0.383037425,2
120,6,0.402666667,0.383037425,2
140,6,0.402666667,0.383037425,2
160,6,0.402666667,0.383037425,2
180,6,0.402666667,0.383037425,2
200,6,0.402666667,0.383037425,2
220,6,0.402666667,0.383037425,2
240,6,0.402666667,0.383037425,2
260,6,0.402666667,0.383037425,2
280,6,0.402666667,0.383037425,2
100,7,0.402666667,0.382540704,2
120,7,0.402666667,0.382540704,2
140,7,0.402666667,0.382540704,2
160,7,0.402666667,0.382540704,2
180,7,0.402666667,0.382540704,2
200,7,0.402666667,0.382540704,2
220,7,0.402666667,0.382540704,2
240,7,0.402666667,0.382540704,2
260,7,0.402666667,0.382540704,2
280,7,0.402666667,0.382540704,2
100,6,0.402666667,0.383037425,2
150,6,0.402666667,0.383037425,2
200,6,0.402666667,0.383037425,2
250,6,0.402666667,0.383037425,2
100,8,0.399333333,0.376034462,2
120,8,0.399333333,0.376034462,2
140,8,0.399333333,0.376034462,2
160,8,0.399333333,0.376034462,2
180,8,0.399333333,0.376034462,2
200,8,0.399333333,0.376034462,2
220,8,0.399333333,0.376034462,2
240,8,0.399333333,0.376034462,2
260,8,0.399333333,0.376034462,2
280,8,0.399333333,0.376034462,2
260,4,0.399333333,0.380236685,3
280,4,0.399333333,0.380236685,3
100,8,0.399333333,0.376034462,2
150,8,0.399333333,0.376034462,2
200,8,0.399333333,0.376034462,2
250,8,0.399333333,0.376034462,2
200,5,0.398666667,0.378484621,3
220,5,0.398666667,0.378484621,3
240,5,0.398666667,0.378484621,3
260,5,0.398666667,0.378484621,3
280,5,0.398666667,0.378484621,3
100,2,0.389333333,0.287424053,4
150,2,0.389333333,0.287424053,4
200,2,0.389333333,0.287424053,4
250,2,0.389333333,0.287424053,4
100,4,0.384,0.360593441,3
120,4,0.384,0.360593441,3
140,4,0.384,0.361020899,3
160,4,0.384,0.360593441,3
180,4,0.384,0.360593441,3
200,4,0.384,0.360593441,3
220,4,0.384,0.360593441,3
240,4,0.384,0.360593441,3
100,4,0.384,0.360593441,3
150,4,0.384,0.360593441,3
200,4,0.384,0.360593441,3
250,4,0.384,0.360593441,3
100,3,0.376,0.317644038,3
120,3,0.376,0.317644038,3
140,3,0.376,0.317644038,3
160,3,0.376,0.317644038,3
180,3,0.376,0.317644038,3
200,3,0.376,0.317644038,3
220,3,0.376,0.317644038,3
240,3,0.376,0.317644038,3
260,3,0.358,0.305189684,3
240,2,0.341333333,0.273820144,3
260,2,0.341333333,0.273820144,3
280,3,0.341333333,0.273820144,3
250,2,0.341333333,0.273820144,3
100,4,0.339333333,0.255197609,2
120,4,0.339333333,0.255197609,2
140,4,0.339333333,0.255197609,2
160,4,0.339333333,0.255197609,2
180,4,0.339333333,0.255197609,2
200,4,0.339333333,0.255197609,2
220,4,0.339333333,0.255197609,2
240,4,0.339333333,0.255197609,2
260,4,0.339333333,0.255197609,2
280,4,0.339333333,0.255197609,2
100,5,0.339333333,0.254144349,2
120,5,0.339333333,0.254144349,2
140,5,0.339333333,0.254144349,2
160,5,0.339333333,0.254144349,2
180,5,0.339333333,0.254144349,2
200,5,0.339333333,0.254144349,2
220,5,0.339333333,0.254144349,2
240,5,0.339333333,0.254144349,2
260,5,0.339333333,0.254144349,2
280,5,0.339333333,0.254144349,2
100,4,0.339333333,0.255197609,2
150,4,0.339333333,0.255197609,2
200,4,0.339333333,0.255197609,2
250,4,0.339333333,0.255197609,2
100,2,0.334,0.221129572,2
120,2,0.334,0.221129572,2
140,2,0.334,0.221129572,2
160,2,0.334,0.221129572,2
180,2,0.334,0.221129572,2
200,2,0.334,0.221129572,2
220,2,0.334,0.221129572,2
240,2,0.334,0.221129572,2
260,2,0.334,0.221129572,2
280,2,0.334,0.221129572,2
100,3,0.334,0.221129572,2
120,3,0.334,0.221129572,2
140,3,0.334,0.221129572,2
160,3,0.334,0.221129572,2
180,3,0.334,0.221129572,2
200,3,0.334,0.221129572,2
220,3,0.334,0.221129572,2
240,3,0.334,0.221129572,2
260,3,0.334,0.221129572,2
280,3,0.334,0.221129572,2
100,2,0.334,0.221129572,2
150,2,0.334,0.221129572,2
200,2,0.334,0.221129572,2
250,2,0.334,0.221129572,2
100,2,0.325333333,0.252039231,3
120,2,0.325333333,0.252039231,3
140,2,0.325333333,0.252039231,3
160,2,0.325333333,0.252039231,3
180,2,0.325333333,0.252039231,3
200,2,0.325333333,0.252039231,3
220,2,0.325333333,0.252039231,3
280,2,0.325333333,0.252039231,3
100,2,0.325333333,0.252039231,3
150,2,0.325333333,0.252039231,3
200,2,0.325333333,0.252039231,3
100,9,0.319333333,0.323881912,2
120,9,0.319333333,0.323881912,2
140,9,0.319333333,0.323881912,2
160,9,0.319333333,0.323881912,2
180,9,0.319333333,0.323881912,2
200,9,0.319333333,0.323881912,2
220,9,0.319333333,0.323881912,2
240,9,0.319333333,0.323881912,2
260,9,0.319333333,0.323881912,2
280,9,0.319333333,0.323881912,2
100,10,0.319333333,0.32436513,2
120,10,0.319333333,0.32436513,2
140,10,0.319333333,0.32436513,2
160,10,0.319333333,0.32436513,2
180,10,0.319333333,0.32436513,2
200,10,0.319333333,0.32436513,2
220,10,0.319333333,0.32436513,2
240,10,0.319333333,0.32436513,2
260,10,0.319333333,0.32436513,2
280,10,0.319333333,0.32436513,2
100,11,0.319333333,0.32436513,2
120,11,0.319333333,0.32436513,2
140,11,0.319333333,0.32436513,2
160,11,0.319333333,0.32436513,2
180,11,0.319333333,0.32436513,2
200,11,0.319333333,0.32436513,2
220,11,0.319333333,0.32436513,2
240,11,0.319333333,0.32436513,2
260,11,0.319333333,0.32436513,2
280,11,0.319333333,0.32436513,2
100,12,0.319333333,0.32436513,2
120,12,0.319333333,0.32436513,2
140,12,0.319333333,0.32436513,2
160,12,0.319333333,0.32436513,2
180,12,0.319333333,0.32436513,2
200,12,0.319333333,0.32436513,2
220,12,0.319333333,0.32436513,2
240,12,0.319333333,0.32436513,2
260,12,0.319333333,0.32436513,2
280,12,0.319333333,0.32436513,2
100,13,0.319333333,0.32436513,2
120,13,0.319333333,0.32436513,2
140,13,0.319333333,0.32436513,2
160,13,0.319333333,0.32436513,2
180,13,0.319333333,0.32436513,2
200,13,0.319333333,0.32436513,2
220,13,0.319333333,0.32436513,2
240,13,0.319333333,0.32436513,2
260,13,0.319333333,0.32436513,2
280,13,0.319333333,0.32436513,2
100,14,0.319333333,0.32436513,2
120,14,0.319333333,0.32436513,2
140,14,0.319333333,0.32436513,2
160,14,0.319333333,0.32436513,2
180,14,0.319333333,0.32436513,2
200,14,0.319333333,0.32436513,2
220,14,0.319333333,0.32436513,2
240,14,0.319333333,0.32436513,2
260,14,0.319333333,0.32436513,2
280,14,0.319333333,0.32436513,2
100,15,0.319333333,0.32436513,2
120,15,0.319333333,0.32436513,2
140,15,0.319333333,0.32436513,2
160,15,0.319333333,0.32436513,2
180,15,0.319333333,0.32436513,2
200,15,0.319333333,0.32436513,2
220,15,0.319333333,0.32436513,2
240,15,0.319333333,0.32436513,2
260,15,0.319333333,0.32436513,2
280,15,0.319333333,0.32436513,2
100,16,0.319333333,0.32436513,2
120,16,0.319333333,0.32436513,2
140,16,0.319333333,0.32436513,2
160,16,0.319333333,0.32436513,2
180,16,0.319333333,0.32436513,2
200,16,0.319333333,0.32436513,2
220,16,0.319333333,0.32436513,2
240,16,0.319333333,0.32436513,2
260,16,0.319333333,0.32436513,2
280,16,0.319333333,0.32436513,2
100,17,0.319333333,0.32436513,2
120,17,0.319333333,0.32436513,2
140,17,0.319333333,0.32436513,2
160,17,0.319333333,0.32436513,2
180,17,0.319333333,0.32436513,2
200,17,0.319333333,0.32436513,2
220,17,0.319333333,0.32436513,2
240,17,0.319333333,0.32436513,2
260,17,0.319333333,0.32436513,2
280,17,0.319333333,0.32436513,2
100,18,0.319333333,0.32436513,2
120,18,0.319333333,0.32436513,2
140,18,0.319333333,0.32436513,2
160,18,0.319333333,0.32436513,2
180,18,0.319333333,0.32436513,2
200,18,0.319333333,0.32436513,2
220,18,0.319333333,0.32436513,2
240,18,0.319333333,0.32436513,2
260,18,0.319333333,0.32436513,2
280,18,0.319333333,0.32436513,2
100,19,0.319333333,0.32436513,2
120,19,0.319333333,0.32436513,2
140,19,0.319333333,0.32436513,2
160,19,0.319333333,0.32436513,2
180,19,0.319333333,0.32436513,2
200,19,0.319333333,0.32436513,2
220,19,0.319333333,0.32436513,2
240,19,0.319333333,0.32436513,2
260,19,0.319333333,0.32436513,2
280,19,0.319333333,0.32436513,2
100,20,0.319333333,0.32436513,2
120,20,0.319333333,0.32436513,2
140,20,0.319333333,0.32436513,2
160,20,0.319333333,0.32436513,2
180,20,0.319333333,0.32436513,2
200,20,0.319333333,0.32436513,2
220,20,0.319333333,0.32436513,2
240,20,0.319333333,0.32436513,2
260,20,0.319333333,0.32436513,2
280,20,0.319333333,0.32436513,2
100,21,0.319333333,0.32436513,2
120,21,0.319333333,0.32436513,2
140,21,0.319333333,0.32436513,2
160,21,0.319333333,0.32436513,2
180,21,0.319333333,0.32436513,2
200,21,0.319333333,0.32436513,2
220,21,0.319333333,0.32436513,2
240,21,0.319333333,0.32436513,2
260,21,0.319333333,0.32436513,2
280,21,0.319333333,0.32436513,2
100,22,0.319333333,0.32436513,2
120,22,0.319333333,0.32436513,2
140,22,0.319333333,0.32436513,2
160,22,0.319333333,0.32436513,2
180,22,0.319333333,0.32436513,2
200,22,0.319333333,0.32436513,2
220,22,0.319333333,0.32436513,2
240,22,0.319333333,0.32436513,2
260,22,0.319333333,0.32436513,2
280,22,0.319333333,0.32436513,2
100,23,0.319333333,0.32436513,2
120,23,0.319333333,0.32436513,2
140,23,0.319333333,0.32436513,2
160,23,0.319333333,0.32436513,2
180,23,0.319333333,0.32436513,2
200,23,0.319333333,0.32436513,2
220,23,0.319333333,0.32436513,2
240,23,0.319333333,0.32436513,2
260,23,0.319333333,0.32436513,2
280,23,0.319333333,0.32436513,2
100,24,0.319333333,0.32436513,2
120,24,0.319333333,0.32436513,2
140,24,0.319333333,0.32436513,2
160,24,0.319333333,0.32436513,2
180,24,0.319333333,0.32436513,2
200,24,0.319333333,0.32436513,2
220,24,0.319333333,0.32436513,2
240,24,0.319333333,0.32436513,2
260,24,0.319333333,0.32436513,2
280,24,0.319333333,0.32436513,2
100,25,0.319333333,0.32436513,2
120,25,0.319333333,0.32436513,2
140,25,0.319333333,0.32436513,2
160,25,0.319333333,0.32436513,2
180,25,0.319333333,0.32436513,2
200,25,0.319333333,0.32436513,2
220,25,0.319333333,0.32436513,2
240,25,0.319333333,0.32436513,2
260,25,0.319333333,0.32436513,2
280,25,0.319333333,0.32436513,2
100,26,0.319333333,0.32436513,2
120,26,0.319333333,0.32436513,2
140,26,0.319333333,0.32436513,2
160,26,0.319333333,0.32436513,2
180,26,0.319333333,0.32436513,2
200,26,0.319333333,0.32436513,2
220,26,0.319333333,0.32436513,2
240,26,0.319333333,0.32436513,2
260,26,0.319333333,0.32436513,2
280,26,0.319333333,0.32436513,2
100,27,0.319333333,0.32436513,2
120,27,0.319333333,0.32436513,2
140,27,0.319333333,0.32436513,2
160,27,0.319333333,0.32436513,2
180,27,0.319333333,0.32436513,2
200,27,0.319333333,0.32436513,2
220,27,0.319333333,0.32436513,2
240,27,0.319333333,0.32436513,2
260,27,0.319333333,0.32436513,2
280,27,0.319333333,0.32436513,2
100,28,0.319333333,0.32436513,2
120,28,0.319333333,0.32436513,2
140,28,0.319333333,0.32436513,2
160,28,0.319333333,0.32436513,2
180,28,0.319333333,0.32436513,2
200,28,0.319333333,0.32436513,2
220,28,0.319333333,0.32436513,2
240,28,0.319333333,0.32436513,2
260,28,0.319333333,0.32436513,2
280,28,0.319333333,0.32436513,2
100,29,0.319333333,0.32436513,2
120,29,0.319333333,0.32436513,2
140,29,0.319333333,0.32436513,2
160,29,0.319333333,0.32436513,2
180,29,0.319333333,0.32436513,2
200,29,0.319333333,0.32436513,2
220,29,0.319333333,0.32436513,2
240,29,0.319333333,0.32436513,2
260,29,0.319333333,0.32436513,2
280,29,0.319333333,0.32436513,2
100,30,0.319333333,0.32436513,2
120,30,0.319333333,0.32436513,2
140,30,0.319333333,0.32436513,2
160,30,0.319333333,0.32436513,2
180,30,0.319333333,0.32436513,2
200,30,0.319333333,0.32436513,2
220,30,0.319333333,0.32436513,2
240,30,0.319333333,0.32436513,2
260,30,0.319333333,0.32436513,2
280,30,0.319333333,0.32436513,2
100,31,0.319333333,0.32436513,2
120,31,0.319333333,0.32436513,2
140,31,0.319333333,0.32436513,2
160,31,0.319333333,0.32436513,2
180,31,0.319333333,0.32436513,2
200,31,0.319333333,0.32436513,2
220,31,0.319333333,0.32436513,2
240,31,0.319333333,0.32436513,2
260,31,0.319333333,0.32436513,2
280,31,0.319333333,0.32436513,2
100,32,0.319333333,0.32436513,2
120,32,0.319333333,0.32436513,2
140,32,0.319333333,0.32436513,2
160,32,0.319333333,0.32436513,2
180,32,0.319333333,0.32436513,2
200,32,0.319333333,0.32436513,2
220,32,0.319333333,0.32436513,2
240,32,0.319333333,0.32436513,2
260,32,0.319333333,0.32436513,2
280,32,0.319333333,0.32436513,2
100,33,0.319333333,0.32436513,2
120,33,0.319333333,0.32436513,2
140,33,0.319333333,0.32436513,2
160,33,0.319333333,0.32436513,2
180,33,0.319333333,0.32436513,2
200,33,0.319333333,0.32436513,2
220,33,0.319333333,0.32436513,2
240,33,0.319333333,0.32436513,2
260,33,0.319333333,0.32436513,2
280,33,0.319333333,0.32436513,2
100,34,0.319333333,0.32436513,2
120,34,0.319333333,0.32436513,2
140,34,0.319333333,0.32436513,2
160,34,0.319333333,0.32436513,2
180,34,0.319333333,0.32436513,2
200,34,0.319333333,0.32436513,2
220,34,0.319333333,0.32436513,2
240,34,0.319333333,0.32436513,2
260,34,0.319333333,0.32436513,2
280,34,0.319333333,0.32436513,2
100,35,0.319333333,0.32436513,2
120,35,0.319333333,0.32436513,2
140,35,0.319333333,0.32436513,2
160,35,0.319333333,0.32436513,2
180,35,0.319333333,0.32436513,2
200,35,0.319333333,0.32436513,2
220,35,0.319333333,0.32436513,2
240,35,0.319333333,0.32436513,2
260,35,0.319333333,0.32436513,2
280,35,0.319333333,0.32436513,2
100,36,0.319333333,0.32436513,2
120,36,0.319333333,0.32436513,2
140,36,0.319333333,0.32436513,2
160,36,0.319333333,0.32436513,2
180,36,0.319333333,0.32436513,2
200,36,0.319333333,0.32436513,2
220,36,0.319333333,0.32436513,2
240,36,0.319333333,0.32436513,2
260,36,0.319333333,0.32436513,2
280,36,0.319333333,0.32436513,2
100,37,0.319333333,0.32436513,2
120,37,0.319333333,0.32436513,2
140,37,0.319333333,0.32436513,2
160,37,0.319333333,0.32436513,2
180,37,0.319333333,0.32436513,2
200,37,0.319333333,0.32436513,2
220,37,0.319333333,0.32436513,2
240,37,0.319333333,0.32436513,2
260,37,0.319333333,0.32436513,2
280,37,0.319333333,0.32436513,2
100,38,0.319333333,0.32436513,2
120,38,0.319333333,0.32436513,2
140,38,0.319333333,0.32436513,2
160,38,0.319333333,0.32436513,2
180,38,0.319333333,0.32436513,2
200,38,0.319333333,0.32436513,2
220,38,0.319333333,0.32436513,2
240,38,0.319333333,0.32436513,2
260,38,0.319333333,0.32436513,2
280,38,0.319333333,0.32436513,2
100,39,0.319333333,0.32436513,2
120,39,0.319333333,0.32436513,2
140,39,0.319333333,0.32436513,2
160,39,0.319333333,0.32436513,2
180,39,0.319333333,0.32436513,2
200,39,0.319333333,0.32436513,2
220,39,0.319333333,0.32436513,2
240,39,0.319333333,0.32436513,2
260,39,0.319333333,0.32436513,2
280,39,0.319333333,0.32436513,2
100,40,0.319333333,0.32436513,2
120,40,0.319333333,0.32436513,2
140,40,0.319333333,0.32436513,2
160,40,0.319333333,0.32436513,2
180,40,0.319333333,0.32436513,2
200,40,0.319333333,0.32436513,2
220,40,0.319333333,0.32436513,2
240,40,0.319333333,0.32436513,2
260,40,0.319333333,0.32436513,2
280,40,0.319333333,0.32436513,2
100,41,0.319333333,0.32436513,2
120,41,0.319333333,0.32436513,2
140,41,0.319333333,0.32436513,2
160,41,0.319333333,0.32436513,2
180,41,0.319333333,0.32436513,2
200,41,0.319333333,0.32436513,2
220,41,0.319333333,0.32436513,2
240,41,0.319333333,0.32436513,2
260,41,0.319333333,0.32436513,2
280,41,0.319333333,0.32436513,2
100,42,0.319333333,0.32436513,2
120,42,0.319333333,0.32436513,2
140,42,0.319333333,0.32436513,2
160,42,0.319333333,0.32436513,2
180,42,0.319333333,0.32436513,2
200,42,0.319333333,0.32436513,2
220,42,0.319333333,0.32436513,2
240,42,0.319333333,0.32436513,2
260,42,0.319333333,0.32436513,2
280,42,0.319333333,0.32436513,2
100,43,0.319333333,0.32436513,2
120,43,0.319333333,0.32436513,2
140,43,0.319333333,0.32436513,2
160,43,0.319333333,0.32436513,2
180,43,0.319333333,0.32436513,2
200,43,0.319333333,0.32436513,2
220,43,0.319333333,0.32436513,2
240,43,0.319333333,0.32436513,2
260,43,0.319333333,0.32436513,2
280,43,0.319333333,0.32436513,2
100,44,0.319333333,0.32436513,2
120,44,0.319333333,0.32436513,2
140,44,0.319333333,0.32436513,2
160,44,0.319333333,0.32436513,2
180,44,0.319333333,0.32436513,2
200,44,0.319333333,0.32436513,2
220,44,0.319333333,0.32436513,2
240,44,0.319333333,0.32436513,2
260,44,0.319333333,0.32436513,2
280,44,0.319333333,0.32436513,2
100,45,0.319333333,0.32436513,2
120,45,0.319333333,0.32436513,2
140,45,0.319333333,0.32436513,2
160,45,0.319333333,0.32436513,2
180,45,0.319333333,0.32436513,2
200,45,0.319333333,0.32436513,2
220,45,0.319333333,0.32436513,2
240,45,0.319333333,0.32436513,2
260,45,0.319333333,0.32436513,2
280,45,0.319333333,0.32436513,2
100,46,0.319333333,0.32436513,2
120,46,0.319333333,0.32436513,2
140,46,0.319333333,0.32436513,2
160,46,0.319333333,0.32436513,2
180,46,0.319333333,0.32436513,2
200,46,0.319333333,0.32436513,2
220,46,0.319333333,0.32436513,2
240,46,0.319333333,0.32436513,2
260,46,0.319333333,0.32436513,2
280,46,0.319333333,0.32436513,2
100,47,0.319333333,0.32436513,2
120,47,0.319333333,0.32436513,2
140,47,0.319333333,0.32436513,2
160,47,0.319333333,0.32436513,2
180,47,0.319333333,0.32436513,2
200,47,0.319333333,0.32436513,2
220,47,0.319333333,0.32436513,2
240,47,0.319333333,0.32436513,2
260,47,0.319333333,0.32436513,2
280,47,0.319333333,0.32436513,2
100,48,0.319333333,0.32436513,2
120,48,0.319333333,0.32436513,2
140,48,0.319333333,0.32436513,2
160,48,0.319333333,0.32436513,2
180,48,0.319333333,0.32436513,2
200,48,0.319333333,0.32436513,2
220,48,0.319333333,0.32436513,2
240,48,0.319333333,0.32436513,2
260,48,0.319333333,0.32436513,2
280,48,0.319333333,0.32436513,2
100,49,0.319333333,0.32436513,2
120,49,0.319333333,0.32436513,2
140,49,0.319333333,0.32436513,2
160,49,0.319333333,0.32436513,2
180,49,0.319333333,0.32436513,2
200,49,0.319333333,0.32436513,2
220,49,0.319333333,0.32436513,2
240,49,0.319333333,0.32436513,2
260,49,0.319333333,0.32436513,2
280,49,0.319333333,0.32436513,2
100,10,0.319333333,0.32436513,2
150,10,0.319333333,0.32436513,2
200,10,0.319333333,0.32436513,2
250,10,0.319333333,0.32436513,2
100,12,0.319333333,0.32436513,2
150,12,0.319333333,0.32436513,2
200,12,0.319333333,0.32436513,2
250,12,0.319333333,0.32436513,2
100,14,0.319333333,0.32436513,2
150,14,0.319333333,0.32436513,2
200,14,0.319333333,0.32436513,2
250,14,0.319333333,0.32436513,2
100,16,0.319333333,0.32436513,2
150,16,0.319333333,0.32436513,2
200,16,0.319333333,0.32436513,2
250,16,0.319333333,0.32436513,2
100,18,0.319333333,0.32436513,2
150,18,0.319333333,0.32436513,2
200,18,0.319333333,0.32436513,2
250,18,0.319333333,0.32436513,2
100,20,0.319333333,0.32436513,2
150,20,0.319333333,0.32436513,2
200,20,0.319333333,0.32436513,2
250,20,0.319333333,0.32436513,2
100,22,0.319333333,0.32436513,2
150,22,0.319333333,0.32436513,2
200,22,0.319333333,0.32436513,2
250,22,0.319333333,0.32436513,2
100,24,0.319333333,0.32436513,2
150,24,0.319333333,0.32436513,2
200,24,0.319333333,0.32436513,2
250,24,0.319333333,0.32436513,2
100,26,0.319333333,0.32436513,2
150,26,0.319333333,0.32436513,2
200,26,0.319333333,0.32436513,2
250,26,0.319333333,0.32436513,2
100,28,0.319333333,0.32436513,2
150,28,0.319333333,0.32436513,2
200,28,0.319333333,0.32436513,2
250,28,0.319333333,0.32436513,2
